model,area,area_name,selected_method,correction_class,n_months,mae_original_clim,mae_corrected_clim,relative_improvement_clim_percent,corr_original_shape,corr_corrected_shape,amp_obs,amp_original,amp_corrected,amp_ratio_original,amp_ratio_corrected,amp_error_original,amp_error_corrected,std_obs,std_original,std_corrected,std_ratio_original,std_ratio_corrected
INM-CM5-0,nino12,Niño 1+2,xgb,Successful correction,12,2.5275661990699643,0.12079742859700549,95.22080060093168,0.9551346479820982,0.9970530816450449,5.4309547000000045,3.6423156856467145,5.577886390686036,0.670658454515688,1.027054486513399,0.32934154548431205,0.027054486513399034,2.0656487893244067,1.3135485953546455,2.032606991763064,0.6359012249048669,0.9840041551438425
INM-CM5-0,nino3,Niño 3,xgb,Successful correction,12,0.6181651444430344,0.09730186987609812,84.2595670831996,0.8702940952169707,0.9952104651552494,2.6185025000000017,3.934334736112959,2.5054096221923814,1.5025132632536942,0.9568100936288507,0.5025132632536942,0.04318990637114928,0.9668606023094066,1.3655401875031905,0.9273282304323245,1.4123444312877296,0.9591126458326499
INM-CM5-0,nino34,Niño 3.4,xgb,Successful correction,12,1.5005019934590509,0.07915832803446439,94.72454362743073,0.6855041126632793,0.9945446968654815,1.5769822999999974,4.200496594757901,1.3802696228027322,2.663629512365426,0.87526006018123,1.6636295123654259,0.12473993981876996,0.5522065793066019,1.482642659610253,0.48437053721984946,2.684942040118368,0.8771545928121081
INM-CM5-0,nino4,Niño 4,xgb,Successful correction,12,1.9817932106352893,0.055544693140664826,97.19725081090274,0.08556524857726326,0.9847279625167958,0.8691683999999995,2.723746662804608,0.8140127182006829,3.1337387125493854,0.9365420075104932,2.1337387125493854,0.06345799248950679,0.3075414675907781,1.0138260585034609,0.2733872318748826,3.2965507593027477,0.8889442910464942
INM-CM5-0,norte,SNA_N,linear,Successful correction,12,2.120154774120108,0.12254619379299925,94.21994114350177,0.9974723267821496,0.9974723267821497,4.5162473,3.3677089395734754,4.431585318913637,0.7456874515205302,0.9812539093936767,0.2543125484794698,0.018746090606323262,1.7028856930614535,1.2670260393504755,1.6672860082077026,0.7440464409989915,0.9790944953035868
INM-CM5-0,norteleste,SNA_NE,linear,Successful correction,12,2.1524460235190044,0.11409501489292584,94.6992856663419,0.9968133943183474,0.9968133943183475,4.413300799999998,3.0513187386778675,4.221660817195023,0.6913915178131227,0.9565767230719974,0.3086084821868773,0.04342327692800263,1.6374146717663176,1.1704082692495672,1.6193217272846756,0.7147903884280091,0.9889502978117787
INM-CM5-0,centro,SNA_C,qm,Successful correction,12,1.4212006881951378,0.0811558540684884,94.2896274437108,0.9979933687741567,0.998923172069979,3.307254000000004,2.3704167238430927,3.403967404298921,0.7167325895873404,1.0292428111959098,0.28326741041265957,0.029242811195909768,1.214888034504629,0.8854317274919078,1.2271988881992768,0.728817555481928,1.0101333236849828
INM-CM5-0,centroleste,SNA_CE,linear,Successful correction,12,0.9534796979025005,0.14840202703125063,84.43574337684265,0.9947079477373522,0.9947079477373525,3.9460900999999993,2.8571337166221014,3.675832071240066,0.7240416828348907,0.9315124536158125,0.2759583171651093,0.06848754638418753,1.4520016630656973,1.078826182502685,1.3879587986610715,0.7429923876429282,0.9558933945919812
INM-CM5-0,cbm,BMC,qm,Successful correction,12,2.381694674021479,0.24394182635514308,89.75763648397263,0.996112113567072,0.9956530274533272,8.3468898,6.385983999483104,8.451189154225794,0.7650734767677302,1.0124955949730874,0.2349265232322698,0.012495594973087387,3.067978233643266,2.4200314615833003,3.043325556316414,0.7888033347320981,0.9919645201336462
INM-CM5-0,tna,TNA,qm,Successful correction,12,1.281162494302125,0.05917700517715504,95.38099144797476,0.9976210231756047,0.9987965188125203,3.2781283000000023,2.271874157534544,3.2681867478822397,0.6930400367595565,0.9969673084126199,0.3069599632404435,0.0030326915873800653,1.196401222303523,0.8533698493651964,1.1968917719837557,0.7132806565694894,1.0004100210456892
INM-CM5-0,tsa,TSA,linear,Successful correction,12,0.4540171678101081,0.047082002514689414,89.6299070051066,0.999163278466126,0.9991632784661261,2.304991300000001,2.4624446164139755,2.322929464847501,1.068309722650135,1.0077823134722894,0.06830972265013502,0.007782313472289415,0.8480532385494743,0.9082839567031255,0.8568231550915243,1.071022331400645,1.0103412334785138
INM-CM5-0,nat,NAT,qm,Successful correction,12,0.7147299929667191,0.10188341465749111,85.74518830046702,0.9919830918073962,0.9937744413489101,3.3465244999999975,2.403213071342652,3.1665164625147852,0.7181220610644428,0.9462104528189731,0.28187793893555724,0.05378954718102691,1.1942554120631568,0.9083392260659935,1.1658958606609904,0.7605904205171456,0.9762533616212186
INM-CM5-0,sat,SAT,xgb,Successful correction,12,0.5657621895021977,0.054738135869344916,90.32488616506737,0.9758128661386052,0.9984996871551507,2.9691837999999997,3.7355693314463423,2.9356683731079123,1.2581131998114574,0.9887122424377746,0.2581131998114574,0.011287757562225442,1.0788616319911848,1.3692884663339706,1.0697870639766738,1.2691974816147311,0.9915887563841133
INM-CM5-0,tasi,TASI,xgb,Successful correction,12,0.3199591426983444,0.10764416404875661,66.35690321553247,0.9851870894535913,0.9994867673851048,6.0679206699999995,6.117186935592369,5.86711552143097,1.0081191347533502,0.9669070906675137,0.008119134753350243,0.03309290933248632,2.251212768754596,2.263456341614163,2.1794767945590143,1.005438656456422,0.968134520560992
INM-CM5-0,wtio,WTIO,linear,Successful correction,12,0.5077139189939688,0.20476991760739516,59.668248210893026,0.949303129302173,0.9493031293021723,2.256849199999998,1.7193717763755103,2.0497795822896165,0.7618461066762954,0.9082483589464544,0.23815389332370462,0.09175164105354561,0.7366360798185996,0.5592619119189123,0.6667340152693513,0.7592105888387023,0.9051063795755673
INM-CM5-0,setio,SETIO,xgb,Successful correction,12,0.40993628904188445,0.08196752714640294,80.00481310449973,0.781941815187396,0.989561404609587,1.5330629999999985,0.6470768413687722,1.3888338088989265,0.4220810503996071,0.9059208975097095,0.5779189496003929,0.0940791024902905,0.46605038571048674,0.20490490345019619,0.4347598943484692,0.43966255523600045,0.9328602822325408
INM-CM5-0,swio,SWIO,linear,Successful correction,12,0.40098257316039704,0.13834478975761666,65.49855305001563,0.9783263238646427,0.9783263238646428,2.454813699999999,1.8633322048499785,2.381370887180214,0.7590523895357025,0.9700821236170448,0.24094761046429747,0.029917876382955177,0.7794212790174563,0.5795150324860272,0.7406302662796663,0.7435196447504843,0.9502310062836747
INM-CM5-0,dmi,DMI,xgb,Successful correction,12,0.36600232319815634,0.050806209424753945,86.11861012771574,0.6104123949211336,0.9890701478013605,1.5159111065,1.5185097669124359,1.445193877071142,1.0017142564635177,0.9533500156271479,0.0017142564635177493,0.04664998437285206,0.43850370972291697,0.4448958155095367,0.4401410166846369,1.0145770848567253,1.0037338497381345
MIROC6,nino12,Niño 1+2,xgb,Successful correction,12,2.4275215809635005,0.1555798626973468,93.59099981160225,0.9686062858527142,0.995985108042706,5.4309547000000045,4.01279362009911,5.577268600463867,0.7388744413756769,1.0269407329919107,0.2611255586243231,0.026940732991910687,2.0656487893244067,1.4440740625395394,2.0352019994779114,0.6990898307605524,0.9852604227766845
MIROC6,nino3,Niño 3,xgb,Original already close,12,0.23681465256084108,0.13225082075398772,44.154291415726235,0.9932796750013754,0.990199372216426,2.6185025000000017,2.2960606826719463,2.4081159591674783,0.8768602216999772,0.9196538705490931,0.12313977830002276,0.08034612945090691,0.9668606023094066,0.8609116235541954,0.899594706536276,0.8904195925429731,0.930428548218366
MIROC6,nino34,Niño 3.4,linear,Mean corrected but seasonal cycle degraded,12,0.3820228189766797,0.22539037709669665,41.00080783120565,0.8951391945122861,0.8951391945122851,1.5769822999999974,1.7993138289190327,0.8941994257970585,1.1409854307933802,0.5670319988988208,0.14098543079338022,0.43296800110117917,0.5522065793066019,0.6934101662933798,0.344601904668228,1.2557079040312873,0.6240452714289275
MIROC6,nino4,Niño 4,linear,Mean corrected but seasonal cycle degraded,12,0.603093400037863,0.25586830047689685,57.574017480404684,0.2686590569977564,0.2686590569977829,0.8691683999999995,1.1752911367602898,0.10252320092875422,1.352201871076181,0.117955508884992,0.35220187107618095,0.882044491115008,0.3075414675907781,0.3917793525323962,0.03417576464512061,1.273907403777194,0.11112571229124679
MIROC6,norte,SNA_N,xgb,Successful correction,12,1.3454760989714607,0.05174351164042138,96.1542600660111,0.981938109199054,0.9996308744761265,4.5162473,3.4749392460639363,4.57945899963379,0.7694306833161985,1.0139965098088828,0.23056931668380154,0.013996509808882784,1.7028856930614535,1.288787387093329,1.7199475259122066,0.7568255416934903,1.0100193647291025
MIROC6,norteleste,SNA_NE,xgb,Successful correction,12,1.1318177325369347,0.05800608812866207,94.874962066671,0.9793090990737446,0.99933255387036,4.413300799999998,3.0020034759119447,4.523029708862307,0.6802172822464188,1.024863229096532,0.31978271775358125,0.024863229096532047,1.6374146717663176,1.137881956514292,1.673686253606071,0.6949259562251461,1.0221517386311352
MIROC6,centro,SNA_C,linear,Successful correction,12,0.6506946550717148,0.1284604116091478,80.25795807482238,0.9952166424981532,0.9952166424981532,3.307254000000004,2.5008064238293812,3.1593075851013452,0.756157955763113,0.9552660863366834,0.24384204423688705,0.04473391366331658,1.214888034504629,0.9314751509341607,1.1767470211362845,0.7667168697681429,0.9686053263468872
MIROC6,centroleste,SNA_CE,xgb,Successful correction,12,0.39209618451002964,0.1301569725718187,66.80483572303434,0.9883340119444789,0.9993600319071355,3.9460900999999993,2.7480277653543332,4.021354866027831,0.6963925545831642,1.0190732507673437,0.3036074454168358,0.019073250767343675,1.4520016630656973,1.0356119895184415,1.4729430376060377,0.7132305808327329,1.014422417737543
MIROC6,cbm,BMC,xgb,Successful correction,12,1.0488310362826732,0.12595679484456376,87.99074488766207,0.9673782811513574,0.999577065867497,8.3468898,6.424935537727563,8.18009557723999,0.7697400698554285,0.980017200806939,0.23025993014457147,0.019982799193061007,3.067978233643266,2.4314528323300273,3.051893608909351,0.7925261025866679,0.994757255916117
MIROC6,tna,TNA,linear,Successful correction,12,0.588411070121829,0.1073562661462543,81.75488674541313,0.9958209904902328,0.995820990490233,3.2781283000000023,2.0790604531076795,3.1611532095453114,0.6342218067266244,0.9643165002252381,0.3657781932733756,0.03568349977476193,1.196401222303523,0.7576161361356609,1.1519341233049378,0.6332458727156468,0.9628326198856858
MIROC6,tsa,TSA,xgb,Successful correction,12,0.31904282283180024,0.03497114261678114,89.03873081789465,0.9940286292849063,0.9994689776809464,2.304991300000001,2.20840861970121,2.282816696166993,0.958098462107518,0.9903797451066266,0.041901537892481966,0.00962025489337337,0.8480532385494743,0.7929283099509299,0.849305529678476,0.9349982688671395,1.0014766656998368
MIROC6,nat,NAT,xgb,Successful correction,12,0.37126953480879177,0.11682368403218539,68.5339967114859,0.983931654198198,0.9994124545157028,3.3465244999999975,2.269125423399725,3.3330507278442383,0.6780543287221494,0.9959738014301825,0.32194567127785056,0.004026198569817452,1.1942554120631568,0.7983803513396269,1.2015053323638205,0.6685172562545654,1.006070661457702
MIROC6,sat,SAT,xgb,Successful correction,12,1.21325717604903,0.06994541010945661,94.23490653999397,0.9697519828556248,0.9979870260047371,2.9691837999999997,3.4756996168080185,2.9263370513915987,1.1705909269773125,0.9855695196072399,0.17059092697731248,0.01443048039276007,1.0788616319911848,1.2685674290147109,1.0654041264108516,1.1758388577350725,0.9875261987438597
MIROC6,tasi,TASI,xgb,Successful correction,12,1.223811598531536,0.09727100252664715,92.05179926033028,0.9799284704080224,0.9998692665943203,6.0679206699999995,5.460801299737685,6.141273617744446,0.899946060062398,1.0120886464628824,0.10005393993760203,0.012088646462882435,2.251212768754596,2.0389313478687563,2.2650447723439413,0.9057035284126977,1.0061442453513612
MIROC6,wtio,WTIO,linear,Original already close,12,0.11372708106433649,0.10901390394246076,4.144287427204293,0.994722992078651,0.9947229920786512,2.256849199999998,2.5315803836155197,2.35051294668132,1.1217321846827526,1.0415019960931915,0.1217321846827526,0.041501996093191496,0.7366360798185996,0.8047344039064204,0.7471769994996097,1.0924450022928422,1.0143095348840445
MIROC6,setio,SETIO,linear,Original already close,12,0.09467789060482801,0.12872971227465246,-35.965969934788575,0.9588663343453806,0.9588663343453806,1.5330629999999985,1.324477383065588,1.2446161866287824,0.8639419143672434,0.8118493412395861,0.13605808563275656,0.18815065876041392,0.46605038571048674,0.4453373749370669,0.41848514172023227,0.9555562844522847,0.8979396961173158
MIROC6,swio,SWIO,linear,Original already close,12,0.08801626430934946,0.11688990836450112,-32.80489609700986,0.9936244199792824,0.9936244199792823,2.454813699999999,2.601882683687986,2.5298385763363775,1.0599104460301763,1.030562350347148,0.059910446030176256,0.030562350347147937,0.7794212790174563,0.8273996674753453,0.8044896143665002,1.061556426222249,1.03216275462821
MIROC6,dmi,DMI,linear,Original already close,12,0.1496202067920042,0.12930681650024725,13.576635621146929,0.928540877272194,0.9285408772721941,1.5159111065,1.4664675804638208,1.3747219848394447,0.9673836243931635,0.9068618726684188,0.0326163756068365,0.09313812733158122,0.43850370972291697,0.4433192113432201,0.41558413854771487,1.0109816667761966,0.9477323209199653
EC-EARTH3-Veg,nino12,Niño 1+2,xgb,Successful correction,12,2.414096734453812,0.12834087900797453,94.68368946545087,0.9326609336666167,0.996670961221263,5.4309547000000045,6.200184131817657,5.5209844589233406,1.1416379760666484,1.0165771515132203,0.1416379760666484,0.016577151513220256,2.0656487893244067,2.39077291554137,2.0337887172357236,1.1573956462963382,0.9845762395556589
EC-EARTH3-Veg,nino3,Niño 3,xgb,Successful correction,12,0.9767351625219959,0.1073144236755373,89.01294559740798,0.8446004343177891,0.9921063513357975,2.6185025000000017,2.2713559311228266,2.562626838684082,0.8674255346797741,0.9786612152113967,0.13257446532022588,0.021338784788603293,0.9668606023094066,0.7457930669266045,0.9477161889560665,0.7713553175558415,0.980199406918006
EC-EARTH3-Veg,nino34,Niño 3.4,xgb,Successful correction,12,0.8008204353164441,0.07020897371012384,91.23286936572981,0.7676812246937511,0.990744792165982,1.5769822999999974,1.1596746579306405,1.6775751113891602,0.7353758237683723,1.0637881676853083,0.2646241762316277,0.06378816768530826,0.5522065793066019,0.3413164061508486,0.5309125802255341,0.6180955079880338,0.9614383459396548
EC-EARTH3-Veg,nino4,Niño 4,linear,Mean corrected but seasonal cycle degraded,12,0.7770108583309137,0.19818383051957986,74.49407194317776,0.7657227068721728,0.7657227068721806,0.8691683999999995,0.7254597153046056,0.22786737519099276,0.8346595611444296,0.26216711881264076,0.16534043885557037,0.7378328811873592,0.3075414675907781,0.23795281978754307,0.07474113768194067,0.7737259682462356,0.2430278370830726
EC-EARTH3-Veg,norte,SNA_N,linear,Successful correction,12,0.4119897555574911,0.12859679226180573,68.78641021357613,0.996886137269325,0.996886137269325,4.5162473,5.230283683126757,4.571029029848919,1.1581039158610196,1.012129922524154,0.15810391586101957,0.012129922524154013,1.7028856930614535,1.9740040197960018,1.7251893446306799,1.1592111131353338,1.013097562367283
EC-EARTH3-Veg,norteleste,SNA_NE,xgb,Successful correction,12,0.45217061924841523,0.057756290000406864,87.22688128290872,0.9944441528256488,0.9993403853004031,4.413300799999998,4.670824027499723,4.593064880371095,1.0583516146236225,1.0407323426427442,0.05835161462362248,0.04073234264274417,1.6374146717663176,1.765799552495621,1.6724241506301183,1.0784070662997123,1.0213809485571759
EC-EARTH3-Veg,centro,SNA_C,linear,Successful correction,12,0.6060707865362321,0.13252420406244347,78.13387363218159,0.9886647016272057,0.9886647016272054,3.307254000000004,3.6622780352731787,3.19695472266498,1.1073470726086276,0.9666492874949962,0.10734707260862764,0.033350712505003766,1.214888034504629,1.4019379553470437,1.2238099139558332,1.1539647403957554,1.007343787409053
EC-EARTH3-Veg,centroleste,SNA_CE,linear,Successful correction,12,0.4480479391524493,0.13308495387351904,70.29671554225438,0.9937628193828438,0.9937628193828437,3.9460900999999993,4.148526323524706,3.743187999238092,1.0513004565011597,0.9485814830325574,0.051300456501159664,0.051418516967442596,1.4520016630656973,1.5983725978447476,1.4422010757497465,1.1008063134514658,0.9932502919485242
EC-EARTH3-Veg,cbm,BMC,xgb,Successful correction,12,2.3144016201418767,0.10456361228535978,95.48204549394715,0.9770199738187941,0.9995923376479097,8.3468898,7.8499866062084855,8.046427059173583,0.9404684612235429,0.9640030301075238,0.059531538776457116,0.03599696989247625,3.067978233643266,2.9884267080476143,3.0057721927549332,0.9740703748405727,0.9797240931483199
EC-EARTH3-Veg,tna,TNA,linear,Successful correction,12,0.4008159435232663,0.1307050443093424,67.39025819172403,0.9868414490372848,0.9868414490372848,3.2781283000000023,3.4563507814827936,3.105719726724921,1.0543671464850204,0.9474063985613127,0.05436714648502039,0.0525936014386873,1.196401222303523,1.326420709262251,1.1918613656814512,1.1086754882349514,0.9962054062320909
EC-EARTH3-Veg,tsa,TSA,xgb,Successful correction,12,0.753675760945392,0.02354108744303307,96.87649667630232,0.9970018402547034,0.9996723102646184,2.304991300000001,2.938097577639173,2.3169141769409194,1.2746675345972767,1.005172634248519,0.27466753459727666,0.0051726342485189925,0.8480532385494743,1.0986033129484185,0.8499619169756942,1.2954414451945135,1.0022506587316198
EC-EARTH3-Veg,nat,NAT,linear,Successful correction,12,0.30297765719788483,0.13317188770206587,56.04564081268645,0.9904353797190381,0.9904353797190383,3.3465244999999975,3.589497297597177,3.0581227272226386,1.072604517790675,0.9138205105692909,0.0726045177906749,0.08617948943070908,1.1942554120631568,1.37657951021093,1.1727962823159317,1.1526675921298912,0.9820313732469063
EC-EARTH3-Veg,sat,SAT,linear,Successful correction,12,0.9025526085621953,0.14330500236459542,84.12225492396655,0.9840470444974255,0.9840470444974255,2.9691837999999997,4.979088487658711,2.821321178763867,1.6769216131580373,0.9502009201194844,0.6769216131580373,0.04979907988051557,1.0788616319911848,1.8342944206554985,1.0393737146690538,1.7002128597993245,0.9633985340184443
EC-EARTH3-Veg,tasi,TASI,linear,Successful correction,12,1.1850846691113726,0.10658078667714604,91.00648338003859,0.9990002705717094,0.9990002705717091,6.0679206699999995,8.51536096245258,5.954394940938657,1.403340851925241,0.9812908349935066,0.40334085192524105,0.018709165006493444,2.251212768754596,3.172501608851127,2.2183824752887684,1.409241122333453,0.9854166190235364
EC-EARTH3-Veg,wtio,WTIO,xgb,Successful correction,12,0.6454874870800239,0.09440754484558145,85.37422541331506,0.8174301947914105,0.9957269240736683,2.256849199999998,1.8999539889220358,2.3548934936523445,0.8418612944639977,1.0434429972779513,0.1581387055360023,0.04344299727795131,0.7366360798185996,0.5661786749426961,0.7352357983263151,0.7686002497761453,0.9980990864680029
EC-EARTH3-Veg,setio,SETIO,linear,Successful correction,12,0.3867028379915605,0.19836823442431673,48.702669094803504,0.9338726806086542,0.9338726806086534,1.5330629999999985,2.644348215163376,1.3255089675961464,1.7248790266045027,0.8646148055208088,0.7248790266045027,0.13538519447919117,0.46605038571048674,0.9004070713862583,0.45133906373058036,1.9319951211146438,0.9684340525596193
EC-EARTH3-Veg,swio,SWIO,xgb,Successful correction,12,0.721451896521032,0.09742017413737021,86.49665007367123,0.9285117390476069,0.9977483251213035,2.454813699999999,2.0691749537297497,2.5865238189697273,0.8429050863329264,1.0536538145317211,0.15709491366707362,0.05365381453172113,0.7794212790174563,0.6435663484965845,0.8006420134878446,0.8256976885566539,1.0272262703645187
EC-EARTH3-Veg,dmi,DMI,xgb,Successful correction,12,0.9198999181788934,0.04858666065648828,94.71826666180444,0.20496146858273648,0.9800506174735178,1.5159111065,2.3536286034757334,1.5541996508836746,1.5526165046114684,1.0252577768046551,0.5526165046114684,0.02525777680465513,0.43850370972291697,0.7537668542576358,0.45028087848702514,1.7189520579744428,1.0268576262936293
CMCC-ESM2,nino12,Niño 1+2,xgb,Successful correction,12,1.2841469638624987,0.11035899174601245,91.40604659344666,0.9197368496778923,0.9980642252155201,5.4309547000000045,5.535353538565683,5.580818176269531,1.0192229256792877,1.0275943152811653,0.01922292567928774,0.027594315281165294,2.0656487893244067,1.9827547133368557,2.0531885217971,0.9598701984500171,0.9939678673394514
CMCC-ESM2,nino3,Niño 3,xgb,Successful correction,12,0.43837958941128746,0.1065859770701086,75.6863732608432,0.9449565841423286,0.9914952607346245,2.6185025000000017,3.2386042324967512,2.5288089752197287,1.236815405941659,0.9657462519969818,0.23681540594165895,0.03425374800301817,0.9668606023094066,1.1448336093130667,0.9548476911583397,1.1840730779375646,0.9875753432062767
CMCC-ESM2,nino34,Niño 3.4,xgb,Successful correction,12,0.5808965834737873,0.08177321564229345,85.92293052348732,0.9237053776837344,0.9786938863172373,1.5769822999999974,2.1541475504671617,1.5340982437133768,1.3659934867164745,0.9728062538897103,0.36599348671647447,0.027193746110289685,0.5522065793066019,0.7784014168661032,0.5396781834412611,1.409619961144851,0.9773121213422111
CMCC-ESM2,nino4,Niño 4,linear,Mean corrected but seasonal cycle degraded,12,0.8234765876301102,0.2683045113524951,67.4180765570214,0.7472345568376251,-0.7472345568376227,0.8691683999999995,1.2096252555561584,0.045084642050074564,1.391704134154163,0.0518710091739122,0.39170413415416294,0.9481289908260878,0.3075414675907781,0.39325000767459534,0.014657048330267512,1.2786893772577785,0.04765877084832841
CMCC-ESM2,norte,SNA_N,xgb,Successful correction,12,0.672388115472852,0.18271015006713842,72.82668359796205,0.99496219816013,0.999813285341921,4.5162473,2.9609687930457618,4.53788146972656,0.6556259204507605,1.0047902978489598,0.3443740795492395,0.00479029784895979,1.7028856930614535,1.1310432119691962,1.699374733019719,0.664192092621204,0.9979382291741365
CMCC-ESM2,norteleste,SNA_NE,xgb,Successful correction,12,1.2242549356039512,0.1639796188730879,86.60576207583813,0.9854168918973808,0.9991167770391689,4.413300799999998,2.485686566963796,4.531978416442872,0.5632261836681962,1.0268908968187425,0.4367738163318038,0.02689089681874246,1.6374146717663176,0.9587305696114029,1.6654313337021862,0.585514827821347,1.017110303467384
CMCC-ESM2,centro,SNA_C,qm,Successful correction,12,1.0887075239624977,0.18884118511691708,82.65455313199232,0.9906341556491386,0.9927838624857471,3.307254000000004,2.9206842001276137,3.3084214767559956,0.88311457182533,1.0003530048662703,0.11688542817466996,0.00035300486627032335,1.214888034504629,1.0721340488524786,1.1858168879300446,0.8824961794027725,0.976070925263135
CMCC-ESM2,centroleste,SNA_CE,xgb,Successful correction,12,1.272521902968397,0.2599132642791761,79.57494769458351,0.9853813267265779,0.9994829045892183,3.9460900999999993,3.033286938360405,3.8186256408691435,0.7686816219326582,0.9676985431399917,0.2313183780673418,0.03230145686000829,1.4520016630656973,1.119844619631504,1.4186746701092074,0.7712419676346027,0.9770475518009224
CMCC-ESM2,cbm,BMC,xgb,Successful correction,12,0.6125397857374516,0.17616457381947828,71.24030505097895,0.9870068286679509,0.9995793153290344,8.3468898,7.5549773726258955,8.062306880950928,0.9051248493332086,0.9659055138059841,0.09487515066679142,0.034094486194015894,3.067978233643266,2.8537363662106596,3.0306061092674956,0.9301683874144728,0.9878186474838869
CMCC-ESM2,tna,TNA,xgb,Successful correction,12,0.8331027220228542,0.2384462874643963,71.37852498123813,0.991680958400598,0.9997068552840997,3.2781283000000023,2.459626574070935,3.152767562866213,0.7503143101723423,0.9617584408963527,0.2496856898276577,0.03824155910364735,1.196401222303523,0.9443662423025062,1.1674004688055022,0.7893390818209342,0.9757600101392546
CMCC-ESM2,tsa,TSA,xgb,Successful correction,12,0.6517731716770454,0.07287361243387913,88.8191758113683,0.9983724518046669,0.9995417696801098,2.304991300000001,2.850054037167677,2.3134248733520515,1.2364706266646974,1.003658830882377,0.23647062666469743,0.003658830882377062,0.8480532385494743,1.049780047646622,0.849963493346859,1.237870454267924,1.0022525175431816
CMCC-ESM2,nat,NAT,xgb,Successful correction,12,0.8833677333979146,0.22347120727640815,74.70235793910925,0.9830327024186576,0.9995729391104656,3.3465244999999975,2.6447097473956127,3.2155303955078125,0.7902854879429733,0.9608566724994289,0.20971451205702674,0.039143327500571146,1.1942554120631568,1.0063150967643906,1.1789344106609612,0.8426297143807063,0.9871710848052784
CMCC-ESM2,sat,SAT,xgb,Successful correction,12,0.7717820373280576,0.07930472664591488,89.72446587115822,0.9893865590511358,0.9982245618350893,2.9691837999999997,3.8420407629591367,2.8692150115966797,1.2939720211861379,0.9663312226062529,0.29397202118613786,0.033668777393747074,1.0788616319911848,1.385189371861449,1.0514397168151728,1.2839360774234736,0.9745825466743115
CMCC-ESM2,tasi,TASI,xgb,Successful correction,12,1.6551497448259715,0.1529287877809937,90.7604258612218,0.9922320878871569,0.9990125372924643,6.0679206699999995,6.4804296136958115,5.7886217594146725,1.0679819276041742,0.9539712323586909,0.06798192760417421,0.04602876764130914,2.251212768754596,2.377781555570032,2.162250927160526,1.056222489749583,0.9604827038879646
CMCC-ESM2,wtio,WTIO,xgb,Successful correction,12,0.5841284292974951,0.1484027950785327,74.59414956792806,0.9474183042814592,0.9968972996958977,2.256849199999998,2.5356167809223145,2.3941158294677756,1.1235206946579848,1.0608222425617884,0.12352069465798476,0.060822242561788364,0.7366360798185996,0.8482780457911185,0.7438895776268963,1.1515564727701246,1.0098467859598772
CMCC-ESM2,setio,SETIO,qm,Successful correction,12,0.7379927840748645,0.12146724866241183,83.540862284354,0.9632307415521157,0.9533269973979877,1.5330629999999985,1.9356467128431234,1.3878477254092267,1.262600893011654,0.9052776861806906,0.2626008930116539,0.0947223138193094,0.46605038571048674,0.6173655172333744,0.46193335078968023,1.3246754775070297,0.9911661162676002
CMCC-ESM2,swio,SWIO,xgb,Successful correction,12,0.713458187351773,0.16799451149495473,76.45348886968138,0.9399421720626621,0.9982608626384241,2.454813699999999,2.6921148521877463,2.5326467514038065,1.09666768284198,1.0317062966545312,0.09666768284197991,0.031706296654531174,0.7794212790174563,0.8442408076377955,0.7969845868252653,1.0831636630476027,1.0225337802298
CMCC-ESM2,dmi,DMI,xgb,Successful correction,12,0.27917638685142593,0.04166890052817684,85.07434636642371,0.7407827346902324,0.9912714574903951,1.5159111065,1.4914924804673244,1.4586574852466583,0.9838917823558571,0.9622315444435715,0.01610821764414294,0.03776845555642849,0.43850370972291697,0.4494311921008192,0.43587290360547065,1.0249199314295587,0.9940004929055021
ACCESS-CM2,nino12,Niño 1+2,xgb,Successful correction,12,3.731679197669905,0.1675534237670894,95.50997245766165,0.8944581373398502,0.9952737815662569,5.4309547000000045,3.7615792563454207,5.7275484085083015,0.6926184187000156,1.0546117073133194,0.3073815812999844,0.054611707313319435,2.0656487893244067,1.4616801206788073,2.0483879411725496,0.7076130890367215,0.9916438611243771
ACCESS-CM2,nino3,Niño 3,xgb,Successful correction,12,0.8861398751952448,0.10552272394816005,88.09186597940759,0.7577435770672629,0.9925413490043112,2.6185025000000017,1.6917847964675836,2.6466295242309563,0.6460886695611643,1.0107416449787443,0.3539113304388357,0.010741644978744302,0.9668606023094066,0.5530579819919892,0.9539110559091207,0.5720141876408821,0.9866066045411768
ACCESS-CM2,nino34,Niño 3.4,xgb,Successful correction,12,0.5266116751156315,0.08069306359151114,84.67693228149702,0.5416382604147005,0.9887414167153039,1.5769822999999974,0.828156657789247,1.4283172607421903,0.5251527920061299,0.9057281497339524,0.47484720799387015,0.09427185026604756,0.5522065793066019,0.2546419325623927,0.4929540978541039,0.461135274560008,0.8926987043021101
ACCESS-CM2,nino4,Niño 4,xgb,Successful correction,12,0.20852421066622404,0.0646533252492274,68.99481118155855,0.7736498915467688,0.9726366236466778,0.8691683999999995,0.9288290011086247,0.7975748062133796,1.0686410149156655,0.917629778318425,0.06864101491566554,0.08237022168157504,0.3075414675907781,0.3428305783331446,0.2733912179551014,1.1147458618143913,0.8889572521611367
ACCESS-CM2,norte,SNA_N,xgb,Successful correction,12,0.7911727842984785,0.1776176404795328,77.5500821053869,0.9963363636448266,0.9997826881044547,4.5162473,4.714793251072056,4.613082504272462,1.0439625950226543,1.0214415194385973,0.043962595022654316,0.02144151943859729,1.7028856930614535,1.7648529823804058,1.7245793196968051,1.036389576570784,1.0127393322545042
ACCESS-CM2,norteleste,SNA_NE,xgb,Successful correction,12,0.6012326499906239,0.17714752468058256,70.5359440004888,0.9944482832775773,0.9992397965730194,4.413300799999998,4.6908869976976035,4.591684341430664,1.0628976383612025,1.0404195293986456,0.06289763836120255,0.04041952939864557,1.6374146717663176,1.7588031997430904,1.6839582211536896,1.0741342618151992,1.0284250228057163
ACCESS-CM2,centro,SNA_C,qm,Successful correction,12,0.6886761974077776,0.2720884484201222,60.491091539931105,0.9922943376656159,0.9944259013192068,3.307254000000004,3.166493530085546,3.109916538472376,0.9574388692509079,0.9403319304995541,0.04256113074909207,0.0596680695004459,1.214888034504629,1.2140055982048694,1.1877799414645849,0.9992736480443489,0.9776867560876938
ACCESS-CM2,centroleste,SNA_CE,qm,Successful correction,12,0.6224395627848294,0.27777955378321756,55.37244571337716,0.9911542142890238,0.9941987508383914,3.9460900999999993,3.9818512808229407,3.6294680215995534,1.0090624339324998,0.9197630894437899,0.009062433932499836,0.08023691055621007,1.4520016630656973,1.539156300527275,1.407687530384139,1.0600237862521196,0.9694806598306538
ACCESS-CM2,cbm,BMC,xgb,Successful correction,12,1.2628193287028375,0.1978869779815673,84.32974745604854,0.9627277997871806,0.9997018624480876,8.3468898,6.409529917893952,8.10067882537842,0.767894397970122,0.9705026685962022,0.23210560202987796,0.029497331403797844,3.067978233643266,2.412487125495859,3.023778107859736,0.7863442768402557,0.985593077128503
ACCESS-CM2,tna,TNA,qm,Successful correction,12,0.6281443110758792,0.25434483718364237,59.50853447227706,0.981293389753864,0.9859984122968733,3.2781283000000023,3.117383984815291,3.0133340254516057,0.9509646052643177,0.919223944179245,0.0490353947356823,0.08077605582075498,1.196401222303523,1.2204052040374977,1.1721720087034446,1.020063488139671,0.9797482540569225
ACCESS-CM2,tsa,TSA,linear,Successful correction,12,0.45328978249717594,0.07991730021521566,82.36949004785619,0.996156076241278,0.996156076241278,2.304991300000001,2.4928417005417884,2.100392646627082,1.0814972275781636,0.9112366917077218,0.08149722757816358,0.08876330829227819,0.8480532385494743,0.9434668350383066,0.7949364784054657,1.1125089701349757,0.9373662433801202
ACCESS-CM2,nat,NAT,qm,Successful correction,12,0.5871503719495692,0.25693048109514055,56.24111073249759,0.9822169114468179,0.9883535315881936,3.3465244999999975,3.5087300575555496,2.905683288994158,1.0484698550856426,0.8682689425982569,0.04846985508564261,0.13173105740174307,1.1942554120631568,1.375560043036215,1.1401942211095524,1.1518139496306257,0.9547323039882984
ACCESS-CM2,sat,SAT,xgb,Original already close,12,0.27366554256676273,0.10951454959004685,59.98233882026636,0.9741680534095186,0.9970839842128082,2.9691837999999997,3.32335696056116,2.843955802917481,1.1192830031475856,0.9578241006560394,0.11928300314758555,0.0421758993439606,1.0788616319911848,1.2385154468481476,1.0317701369154746,1.1479835876286564,0.9563507555748401
ACCESS-CM2,tasi,TASI,xgb,Successful correction,12,0.5070511164913617,0.140790966370855,72.23337809704763,0.9943915566642928,0.999020756245164,6.0679206699999995,6.830872924289418,5.8072507858276365,1.1257353706124538,0.957041316400011,0.12573537061245377,0.042958683599989,2.251212768754596,2.5702742308242583,2.174765425767886,1.1417287013018194,0.966041706920043
ACCESS-CM2,wtio,WTIO,xgb,Successful correction,12,0.3539945397750417,0.14212453452962256,59.8512071344545,0.9486171153808916,0.9973134310368504,2.256849199999998,1.546656579714984,2.3541154861450195,0.6853167591857646,1.0430982655575844,0.3146832408142354,0.04309826555758445,0.7366360798185996,0.46331219561617487,0.7363030783008296,0.6289566969490116,0.999547942970901
ACCESS-CM2,setio,SETIO,linear,Mean corrected but seasonal cycle degraded,12,0.42006877343165555,0.18245168198131476,56.56623545453818,0.9534403918553226,0.9534403918553224,1.5330629999999985,1.974890906928465,0.980409775055179,1.288199445768678,0.6395104278527236,0.28819944576867806,0.3604895721472764,0.46605038571048674,0.6691774002766496,0.33220471175170757,1.4358477555093079,0.7128085759338372
ACCESS-CM2,swio,SWIO,xgb,Original already close,12,0.24213210625025874,0.16805629369608552,30.593139299590128,0.9601678168865273,0.9981533942915329,2.454813699999999,1.9579907838138304,2.5439565658569343,0.7976127817006363,1.0363134953405773,0.20238721829936368,0.03631349534057726,0.7794212790174563,0.701010177394544,0.8010193247910959,0.8993983052120955,1.0277103619763452
ACCESS-CM2,dmi,DMI,xgb,Successful correction,12,0.3833699715925598,0.047500472012390056,87.60975675401284,0.2988769783123283,0.9860830702233224,1.5159111065,1.2272609061410082,1.4871994104236363,0.8095863279045171,0.9810597758976419,0.19041367209548288,0.018940224102358072,0.43850370972291697,0.42818433675482537,0.4375020859623801,0.9764668513873868,0.9977158146252177
BCC-CSM2-MR,nino12,Niño 1+2,xgb,Successful correction,12,2.295947015132787,0.11669070136617006,94.91753509131301,0.9724799187366778,0.9974610037369509,5.4309547000000045,5.180850329021364,5.595860099792482,0.9539483599488244,1.030363979981729,0.04605164005117557,0.030363979981729017,2.0656487893244067,2.068997840808292,2.023969554246033,1.0016213073109008,0.9798226904332537
BCC-CSM2-MR,nino3,Niño 3,xgb,Successful correction,12,0.6658115696183629,0.09227972172851591,86.14026461249242,0.58334062100769,0.9963759558359034,2.6185025000000017,1.7083145544486023,2.4780332565307646,0.6524013455968062,0.9463551234076587,0.3475986544031938,0.053644876592341295,0.9668606023094066,0.5655845903783537,0.9220655919163383,0.5849701487757591,0.9536696290177998
BCC-CSM2-MR,nino34,Niño 3.4,xgb,Successful correction,12,0.5277331572301188,0.09205704499918532,82.55613774916863,0.23425469431871865,0.9883748882640914,1.5769822999999974,0.7293533142156683,1.4960298538208008,0.4624993661727652,0.9486662303190108,0.5375006338272348,0.05133376968098924,0.5522065793066019,0.23198811224230081,0.5048265337071989,0.4201110977953306,0.9141986941573614
BCC-CSM2-MR,nino4,Niño 4,linear,Mean corrected but seasonal cycle degraded,12,0.3859363424140305,0.19596189851564874,49.22429505086053,0.7723938301211152,0.772393830121106,0.8691683999999995,0.7794888946235154,0.20921724742707326,0.8968214843332039,0.240709679996504,0.10317851566679614,0.7592903200034959,0.3075414675907781,0.3059700519727784,0.08212331504707432,0.9948903943578409,0.2670316809320476
BCC-CSM2-MR,norte,SNA_N,linear,Successful correction,12,0.32172500717106683,0.13236476837869157,58.85779301317696,0.9956916825558676,0.9956916825558674,4.5162473,4.7406055416256585,4.546812301499827,1.0496780239704009,1.0067677873839698,0.049678023970400886,0.00676778738396977,1.7028856930614535,1.753665340146114,1.6819765051694036,1.0298197625898005,0.9877213203579981
BCC-CSM2-MR,norteleste,SNA_NE,xgb,Successful correction,12,0.3704462562857911,0.061795211956787575,83.318710633935,0.9921112480584787,0.9996027573253107,4.413300799999998,4.282475621433534,4.413996315002443,0.9703566141318841,1.0001575951955155,0.02964338586811588,0.00015759519551550305,1.6374146717663176,1.5786260418270994,1.6356805554529124,0.9640966757212445,0.998940942484939
BCC-CSM2-MR,centro,SNA_C,qm,Successful correction,12,0.47362434742928744,0.12509220191798143,73.58830841426331,0.9954713334080344,0.9957703203008985,3.307254000000004,3.728532617122397,3.5499719035585358,1.1273801822062632,1.073389556277967,0.12738018220626324,0.07338955627796695,1.214888034504629,1.3810644491375537,1.2411181021874387,1.1367833165800199,1.021590522696608
BCC-CSM2-MR,centroleste,SNA_CE,linear,Successful correction,12,0.5194697349948688,0.1727088248056449,66.75286100982363,0.9889988926505211,0.9889988926505211,3.9460900999999993,4.056050131397061,3.778129448451029,1.0278655653090794,0.9574361843514495,0.027865565309079354,0.042563815648550496,1.4520016630656973,1.4764859524303044,1.3753170883959938,1.01686243892649,0.9471869925356732
BCC-CSM2-MR,cbm,BMC,xgb,Successful correction,12,1.653775709263546,0.09721711385447203,94.12150551553545,0.9766327612725358,0.9996921073247027,8.3468898,6.362353593107262,8.19329662322998,0.7622424334759113,0.981598753493784,0.23775756652408875,0.018401246506215996,3.067978233643266,2.362798746637399,2.9859649007145372,0.7701484713050077,0.9732679547627243
BCC-CSM2-MR,tna,TNA,qm,Original already close,12,0.17023096681322572,0.09069639913442451,46.72156257331551,0.9938275065227803,0.996071604384209,3.2781283000000023,3.335067005311238,3.325968560379984,1.0173692729815473,1.0145937730320016,0.017369272981547335,0.0145937730320016,1.196401222303523,1.2615250733721444,1.1928047024124135,1.0544331198051047,0.9969938848071512
BCC-CSM2-MR,tsa,TSA,linear,Successful correction,12,1.0199007879811701,0.08319424647472988,91.84290791269927,0.991502186130513,0.9915021861305128,2.304991300000001,2.618397675569156,2.2261844355412848,1.1359685720155017,0.9658103419051012,0.13596857201550172,0.03418965809489882,0.8480532385494743,1.0027992659737002,0.8525886417912526,1.18247206707082,1.0053480171239435
BCC-CSM2-MR,nat,NAT,qm,Original already close,12,0.2772075883250557,0.0990799732176401,64.25784235694941,0.9953770533045689,0.9956588233508961,3.3465244999999975,3.5062792124688187,3.3634786052709984,1.0477374997460265,1.0050661829223126,0.04773749974602648,0.005066182922312645,1.1942554120631568,1.322860691508455,1.1901112428946057,1.1076865787219872,0.9965299138469954
BCC-CSM2-MR,sat,SAT,xgb,Successful correction,12,0.659647503387839,0.0918509753712975,86.07574880529884,0.9671184895138873,0.9977672894746691,2.9691837999999997,3.8923056291615516,2.832664871215819,1.3109008708593763,0.9540213951106089,0.31090087085937634,0.045978604889391095,1.0788616319911848,1.4284960068934573,1.0312992580202536,1.3240771240117002,0.9559142965505703
BCC-CSM2-MR,tasi,TASI,xgb,Successful correction,12,0.9170838971553302,0.11335641869073539,87.63947125858914,0.9899294252378062,0.9995406367311072,6.0679206699999995,7.362372680365041,5.87332170009613,1.2133271149645801,0.9679298757371742,0.21332711496458012,0.03207012426282585,2.251212768754596,2.730054840138426,2.1977854134308865,1.21270404913736,0.9762673008676712
BCC-CSM2-MR,wtio,WTIO,linear,Successful correction,12,1.0536716145817044,0.07468176339238812,92.91223542905863,0.9944056236807095,0.9944056236807095,2.256849199999998,1.9095566938680797,2.2028922194858893,0.8461162109848019,0.9760918981586769,0.15388378901519806,0.02390810184132308,0.7366360798185996,0.6046830905205453,0.6975711586044222,0.8208708575195659,0.94696849328396
BCC-CSM2-MR,setio,SETIO,xgb,Successful correction,12,0.8121577868497679,0.12622414918009492,84.45817411051385,0.9192928897983002,0.9884951650354037,1.5330629999999985,3.1184076129336624,1.4207113265991218,2.0341027165443726,0.926714248924619,1.0341027165443726,0.07328575107538104,0.46605038571048674,1.0973395675205955,0.4739724188567753,2.354551355746049,1.016998233215088
BCC-CSM2-MR,swio,SWIO,linear,Successful correction,12,1.1242443062035514,0.08062877717656629,92.82818007334716,0.9931479625646104,0.9931479625646101,2.454813699999999,2.329822542663649,2.3682684332207202,0.9490832410881731,0.964744670123326,0.0509167589118269,0.03525532987667401,0.7794212790174563,0.7726389917873607,0.78538880151511,0.9912983037380692,1.0076563504978675
BCC-CSM2-MR,dmi,DMI,xgb,Successful correction,12,0.6238516966873875,0.05583798169718271,91.04947826644076,0.4096308290082468,0.987138220454325,1.5159111065,2.437994030355467,1.4808945462107659,1.6082697856765567,0.9769006506126326,0.6082697856765567,0.02309934938736735,0.43850370972291697,0.8417658264943345,0.4403441410433419,1.919632166911956,1.0041970712667125
