model,area,method,rmse,mae,r2,bias,corr,n
INM-CM5-0,nino12,raw_historical,2.776085868600718,2.5275661990699643,-0.7012728036842961,2.5275661990699643,0.8936286039683089,120
INM-CM5-0,nino3,raw_historical,1.0783321375917223,0.8563090664584249,0.10935122355717863,-0.5569141985012475,0.7268051742153535,120
INM-CM5-0,nino34,raw_historical,1.9855487063485453,1.5693551847829241,-4.244035652510181,-1.500501993459051,0.4453826184376038,120
INM-CM5-0,nino4,raw_historical,2.303758683857674,1.9817932106352893,-9.747367815345166,-1.9817932106352893,0.055932108724568774,120
INM-CM5-0,norte,raw_historical,2.1780698416647892,2.1201547741201074,-0.7421467742151826,-2.1201547741201074,0.9846480013183988,120
INM-CM5-0,norteleste,raw_historical,2.233175695642245,2.152446023519004,-0.9217303317874017,-2.152446023519004,0.9673841209217258,120
INM-CM5-0,centro,raw_historical,1.5150397617061746,1.4212006881951378,-0.5131380591971269,-1.4212006881951378,0.9377135213698664,120
INM-CM5-0,centroleste,raw_historical,1.1389055319451664,1.0051275766512666,0.39975004732519404,-0.9534796979024985,0.9342891983454661,120
INM-CM5-0,cbm,raw_historical,2.5337792372803207,2.3816946740214795,0.28057432926390957,-2.3816946740214795,0.9781141594277086,120
INM-CM5-0,tna,raw_historical,1.3766094552628982,1.2832798711364701,-0.3121006188235096,-1.2811624943021258,0.9452387943090754,120
INM-CM5-0,tsa,raw_historical,0.49372174822833,0.4542253057264688,0.6514317829308804,-0.4540171678101081,0.9750198015372975,120
INM-CM5-0,nat,raw_historical,0.8984344564481067,0.7927457078145212,0.4609404125683848,-0.7147299929667194,0.9188429292249723,120
INM-CM5-0,sat,raw_historical,0.7665309432666936,0.639026500616754,0.5019923012038578,-0.5651922097375798,0.924117453264186,120
INM-CM5-0,tasi,raw_historical,0.555713104498728,0.46256320748270857,0.935504393354107,-0.14953775732913943,0.9698694623141894,120
INM-CM5-0,wtio,raw_historical,0.638739083776088,0.5344884068350148,0.29672296991895986,-0.5077139189939689,0.8773380189013646,120
INM-CM5-0,setio,raw_historical,0.5959349871237584,0.48581315173521616,-0.13202337544679632,-0.3867617708170234,0.6493664563893511,120
INM-CM5-0,swio,raw_historical,0.562230857649484,0.4522023983520941,0.513456003955485,-0.4009825731603962,0.8947339655836739,120
INM-CM5-0,dmi,raw_historical,0.5481710689525702,0.45189531107042746,0.08022570715080868,-0.12095216734361232,0.4606757293474231,120
MIROC6,nino12,raw_historical,2.656162162083875,2.4275215809634996,-0.5574615730172021,2.4275215809634996,0.8922663275549154,120
MIROC6,nino3,raw_historical,0.8113161080496228,0.640334729659237,0.4958246882700861,0.21879143528231407,0.7319892128935892,120
MIROC6,nino34,raw_historical,0.9514825410811185,0.7139191065239594,-0.20422099110602,-0.3593871862679761,0.42610624062285707,120
MIROC6,nino4,raw_historical,1.041179321359162,0.806303344053299,-1.1952258593323726,-0.6030934000378639,0.016515097049839705,120
MIROC6,norte,raw_historical,1.4524473018240178,1.34547609897146,0.22528510488421583,-1.34547609897146,0.9685663691977532,120
MIROC6,norteleste,raw_historical,1.315643154142845,1.1532278674428427,0.3330045364724755,-1.1318177325369336,0.9484222062367751,120
MIROC6,centro,raw_historical,0.8516659495313466,0.7350129801319373,0.521844603837711,-0.6506946550717136,0.9134642035638986,120
MIROC6,centroleste,raw_historical,0.7103633314827068,0.5883793089244581,0.7664833776348693,-0.1717755004108771,0.9138176161064518,120
MIROC6,cbm,raw_historical,1.401562698391303,1.1732175697678002,0.7798729338634618,0.9183040885219697,0.9505477616894228,120
MIROC6,tna,raw_historical,0.8142514666709053,0.701355222501522,0.5409470919268509,-0.5518510767199619,0.920835126309789,120
MIROC6,tsa,raw_historical,0.4103202497150616,0.3409179216656126,0.75924840697161,-0.31904282283179985,0.9517027311905805,120
MIROC6,nat,raw_historical,0.6436096322784013,0.5112254121703308,0.7233637773362622,0.010554396582505602,0.8880383523940848,120
MIROC6,sat,raw_historical,1.2988782101198881,1.2141208338966367,-0.4299259139522311,-1.2132571760490298,0.9257648608847834,120
MIROC6,tasi,raw_historical,1.3597004226128548,1.2260299760381144,0.6138862027804634,1.223811598531536,0.9654069488997344,120
MIROC6,wtio,raw_historical,0.3305296767388072,0.26577183561741846,0.8116782987612808,-0.0652452688972395,0.912641339208834,120
MIROC6,setio,raw_historical,0.3442189684761474,0.2423240681508608,0.6223171839850868,-0.004097960372602483,0.7891994667806913,120
MIROC6,swio,raw_historical,0.3383139317482285,0.26902366837843233,0.8238297678099169,-0.03308485924475413,0.9127616439211184,120
MIROC6,dmi,raw_historical,0.40398302563528965,0.3014122927177959,0.5004542362438288,-0.06114732769130379,0.7197315124093846,120
EC-EARTH3-Veg,nino12,raw_historical,2.7024700316848724,2.447788972770518,-0.612240928645843,2.414096734453812,0.8535679591481578,120
EC-EARTH3-Veg,nino3,raw_historical,1.3523934237743034,1.0711387146638591,-0.40090110791380495,0.9767351625219945,0.5847953949872979,120
EC-EARTH3-Veg,nino34,raw_historical,1.2017967958658473,0.9819522523933427,-0.921173685066077,0.8008204353164449,0.21435303755707427,120
EC-EARTH3-Veg,nino4,raw_historical,1.0987090063558393,0.8929071062675612,-1.4445195273316895,0.7770108583309133,0.06408088412498801,120
EC-EARTH3-Veg,norte,raw_historical,0.5709142353461799,0.4757313469610546,0.8803031058284757,-0.40716742415902163,0.9839285063784837,120
EC-EARTH3-Veg,norteleste,raw_historical,0.6251660145816811,0.49647956607650723,0.8493956967676689,-0.4521706192484152,0.9672673455776113,120
EC-EARTH3-Veg,centro,raw_historical,0.7756037933136288,0.6191685605643183,0.6034386885764407,-0.6060707865362327,0.9335398848567946,120
EC-EARTH3-Veg,centroleste,raw_historical,0.6865772196592452,0.5228074404066132,0.7818598995077854,-0.44804793915244795,0.9410072594225446,120
EC-EARTH3-Veg,cbm,raw_historical,2.45832371194307,2.3144016201418767,0.3227850691138954,2.3144016201418767,0.960743478945768,120
EC-EARTH3-Veg,tna,raw_historical,0.5926672515325794,0.4460504533220289,0.7567977968100643,-0.400815943523266,0.9395535948891581,120
EC-EARTH3-Veg,tsa,raw_historical,0.832143707997087,0.7536757609453925,0.009806807539093243,0.7536757609453925,0.9579172577258693,120
EC-EARTH3-Veg,nat,raw_historical,0.5768430873950688,0.4245137138884889,0.7777819353710776,-0.2825320864491771,0.9249293800187633,120
EC-EARTH3-Veg,sat,raw_historical,1.2475339099018368,0.9543252943312097,-0.3191111549549839,0.9025526085621954,0.9257845104697643,120
EC-EARTH3-Veg,tasi,raw_historical,1.5318746845881062,1.226971414417345,0.5099105721433099,-1.1850846691113726,0.9838387953288907,120
EC-EARTH3-Veg,wtio,raw_historical,0.8099923265034056,0.7185636787352802,-0.13094441499584586,0.606791730935345,0.7102692642592852,120
EC-EARTH3-Veg,setio,raw_historical,0.6300485819893024,0.4867472168383678,-0.2653355354224387,-0.2198137010830978,0.7524615931862612,120
EC-EARTH3-Veg,swio,raw_historical,0.8589465276842361,0.7635918330880377,-0.13559904527709454,0.7214518965210321,0.8163175864365192,120
EC-EARTH3-Veg,dmi,raw_historical,1.195252011210335,0.9571324461148994,-3.372884551306054,0.8266054128517756,0.17986726571367942,120
CMCC-ESM2,nino12,raw_historical,1.956252728135014,1.6336624860448479,0.1551918599412857,1.2791973207244254,0.750685294344467,120
CMCC-ESM2,nino3,raw_historical,1.7085400385486778,1.3910028308441815,-1.2358965176226522,0.3759114700190597,0.30157019555254777,120
CMCC-ESM2,nino34,raw_historical,1.9115060951173815,1.5324401806427685,-3.8602199086866005,0.5808965834737883,-0.07627554868496021,120
CMCC-ESM2,nino4,raw_historical,1.8043519273396893,1.4736045393887465,-5.592811177684095,0.8234765876301107,-0.3357477280172912,120
CMCC-ESM2,norte,raw_historical,1.0240774812622027,0.7977293972167554,0.6148705134818012,-0.6723881154728514,0.9051486593459788,120
CMCC-ESM2,norteleste,raw_historical,1.5424697190564127,1.2795819641936343,0.08318870831339076,-1.224254935603951,0.8313236301241219,120
CMCC-ESM2,centro,raw_historical,1.259779442734082,1.101320872617453,-0.04621159173114542,-1.0887075239624984,0.8575422968802562,120
CMCC-ESM2,centroleste,raw_historical,1.4841955691521873,1.319701965147858,-0.019386765878427026,-1.2725219029683954,0.8600489904458959,120
CMCC-ESM2,cbm,raw_historical,0.9631866320632279,0.795943410922814,0.8960392803558475,0.5358293236987691,0.9642396048224988,120
CMCC-ESM2,tna,raw_historical,1.0380242188021123,0.8864830522012906,0.2539625709012555,-0.833102722022854,0.8594596082670685,120
CMCC-ESM2,tsa,raw_historical,0.8266026035368348,0.6997057033517856,0.022949960928138724,0.6517731716770457,0.8811406691084264,120
CMCC-ESM2,nat,raw_historical,1.1015361111559547,0.9526176232176254,0.18967086581102754,-0.8833677333979141,0.8434093475428595,120
CMCC-ESM2,sat,raw_historical,0.9715983082036012,0.8183111627668863,0.19988912326660857,0.7717820373280572,0.910022482048033,120
CMCC-ESM2,tasi,raw_historical,1.7567398858768057,1.6551497448259715,0.35546904607179075,-1.6551497448259715,0.9669254197886714,120
CMCC-ESM2,wtio,raw_historical,0.8677364092637548,0.7069631496267966,-0.29794141957831455,0.5841284292974956,0.7342337565313989,120
CMCC-ESM2,setio,raw_historical,0.9308984015292455,0.8132515101863166,-1.7622450059167294,0.737992784074865,0.6704487988835072,120
CMCC-ESM2,swio,raw_historical,1.0096219975528111,0.8217547620180381,-0.5689545779627416,0.7134581873517735,0.6953079451438555,120
CMCC-ESM2,dmi,raw_historical,0.7419453191667333,0.6166494615079262,-0.6849726034729966,-0.15386437394403615,0.5445383171801668,120
ACCESS-CM2,nino12,raw_historical,4.031358014742437,3.7316791976699055,-2.587656919537129,3.7316791976699055,0.699563026650735,120
ACCESS-CM2,nino3,raw_historical,1.6443341367963675,1.2342792461588905,-1.0710067963497072,0.8616284516972517,0.21560178618584971,120
ACCESS-CM2,nino34,raw_historical,1.4206554617557487,1.0999910556715728,-1.6846153954243865,0.4401782798912202,-0.05783599749732201,120
ACCESS-CM2,nino4,raw_historical,1.0505098179582384,0.8665262337580585,-1.2347470519901482,0.09088872999246948,-0.023861689294241963,120
ACCESS-CM2,norte,raw_historical,0.8928759256052664,0.7950628787292502,0.7072321627605485,-0.7911727842984777,0.9703856371264011,120
ACCESS-CM2,norteleste,raw_historical,0.8007970623879297,0.6692536836557067,0.7528892707871186,-0.6012326499906231,0.9518502603191588,120
ACCESS-CM2,centro,raw_historical,0.8286087309136936,0.7402377315202046,0.5473844157007863,-0.6886761974077781,0.9296504213167188,120
ACCESS-CM2,centroleste,raw_historical,0.8302435773176748,0.7116176027937294,0.6810168232439611,-0.6224395627848285,0.9343792057392798,120
ACCESS-CM2,cbm,raw_historical,1.6572461962944047,1.3998487562483561,0.6922327201878858,1.2125133950102176,0.9379796181488209,120
ACCESS-CM2,tna,raw_historical,0.783668182858933,0.6797488021493235,0.5747835344537393,-0.6281443110758786,0.9253738816061775,120
ACCESS-CM2,tsa,raw_historical,0.5642353078888107,0.46244767535759196,0.5447564646084089,0.45328978249717644,0.933776029153262,120
ACCESS-CM2,nat,raw_historical,0.8192260528825258,0.6834393425808528,0.5518003778981599,-0.58715037194957,0.9114773383449001,120
ACCESS-CM2,sat,raw_historical,0.6211339970544966,0.49926764783014976,0.6730003593233354,-0.16004918795444623,0.8727840703383262,120
ACCESS-CM2,tasi,raw_historical,0.7197583828579003,0.5602760866474117,0.8918062137738283,-0.4271011580951234,0.9780760379299211,120
ACCESS-CM2,wtio,raw_historical,0.5639720027373931,0.4658713056659842,0.45172992712840154,0.21176076148472955,0.7278422980714587,120
ACCESS-CM2,setio,raw_historical,0.7218214030413532,0.5728634506905401,-0.6607992446996005,0.41889052532160076,0.6345622728641247,120
ACCESS-CM2,swio,raw_historical,0.5414865818513994,0.4181921106330878,0.5486970624671019,0.20684010700756603,0.7949434225418514,120
ACCESS-CM2,dmi,raw_historical,0.7493643764113321,0.6092634860722593,-0.7188387364118463,-0.20712978300353796,0.15964793193265822,120
BCC-CSM2-MR,nino12,raw_historical,2.5131392636688106,2.301849815711196,-0.39425201052508463,2.2959470151327865,0.8798801699376015,120
BCC-CSM2-MR,nino3,raw_historical,1.1670741689715796,0.9241543137485402,-0.04327377827248746,0.3548781869980316,0.34984804619379906,120
BCC-CSM2-MR,nino34,raw_historical,1.0402267094493958,0.8179648044755227,-0.43933056270198145,0.3845468091800645,0.03673781538550548,120
BCC-CSM2-MR,nino4,raw_historical,0.8063904667188749,0.6892793897661903,-0.3167972516648683,0.3832746917224577,0.29124325903248316,120
BCC-CSM2-MR,norte,raw_historical,0.4665213946031707,0.38630696257768216,0.9200747012608026,0.32172500717106733,0.979666155009314,120
BCC-CSM2-MR,norteleste,raw_historical,0.5833019176993876,0.48843628413756385,0.8688907092207615,0.36999465298460155,0.9601674403476577,120
BCC-CSM2-MR,centro,raw_historical,0.6797076474093723,0.5349723744403289,0.6954386382538793,-0.4736243474292879,0.9304335680312028,120
BCC-CSM2-MR,centroleste,raw_historical,0.7467782138683488,0.6021274264524324,0.741928522177713,-0.5194697349948678,0.9317268612913981,120
BCC-CSM2-MR,cbm,raw_historical,1.9771230754825107,1.7199909255767871,0.5619579587860761,1.6537757092635457,0.9506436051014702,120
BCC-CSM2-MR,tna,raw_historical,0.4492720776432648,0.3209843279910299,0.8602459186421227,-0.13617850407607093,0.9372637261506976,120
BCC-CSM2-MR,tsa,raw_historical,1.0627210823456799,1.0199007879811715,-0.6149603391822349,1.0199007879811715,0.9555565181175739,120
BCC-CSM2-MR,nat,raw_historical,0.5503290724907008,0.4039157327464206,0.7977405193277038,-0.25743641966749076,0.9249766594620354,120
BCC-CSM2-MR,sat,raw_historical,0.869537343912166,0.7033825345010285,0.3591547773700067,0.6596475033878396,0.9211938041194281,120
BCC-CSM2-MR,tasi,raw_historical,1.1453112772872018,0.9503769562360886,0.7260470825811465,-0.91708389715533,0.9755546035300363,120
BCC-CSM2-MR,wtio,raw_historical,1.102198333037865,1.0536716145817044,-1.09410739661948,1.0536716145817044,0.9163606316327967,120
BCC-CSM2-MR,setio,raw_historical,0.9979391933727773,0.8970103470562758,-2.1744302359000662,0.6196369830797805,0.7088221681111307,120
BCC-CSM2-MR,swio,raw_historical,1.171618612203688,1.1242443062035514,-1.1128335594077923,1.1242443062035514,0.9126544250501569,120
BCC-CSM2-MR,dmi,raw_historical,0.969266399512421,0.705460784630773,-1.8756455949354236,0.43403461233525714,0.29114242025848314,120
